id,category,verdict,grader,notes
q001,simple_faq,correct,Rahul,
q002,simple_faq,correct,Rahul,
q003,simple_faq,correct,Rahul,
q004,simple_faq,correct,Rahul,
q005,simple_faq,correct,Rahul,
q006,order_status,correct,Rahul,
q007,order_status,correct,Rahul,
q008,order_status,partial,Rahul,
q009,order_status,correct,Rahul,
q010,order_status,correct,Rahul,
q011,product_info,correct,Rahul,
q012,product_info,correct,Rahul,
q013,product_info,correct,Rahul,
q014,product_info,correct,Rahul,
q015,product_info,correct,Rahul,
q016,product_comparison,correct,Rahul,
q017,product_comparison,partial,Rahul,
q018,product_comparison,correct,Rahul,
q019,product_comparison,partial,Rahul,
q020,product_comparison,partial,Rahul,
q021,troubleshooting,correct,Rahul,
q022,troubleshooting,correct,Rahul,
q023,troubleshooting,correct,Rahul,
q024,troubleshooting,correct,Rahul,
q025,troubleshooting,correct,Rahul,
q026,billing_dispute,partial,Kanishk,"1. In order 48712 write it as order id 48712 or order #48712 so it looks different from payment number. And u have written u have charged 12999 where is rupee symbol?
2. Also for one cancelled order the return amount date is not given why?"
q027,billing_dispute,correct,Rahul,
q028,billing_dispute,partial,Rahul,
q029,billing_dispute,correct,Rahul,
q030,billing_dispute,correct,Rahul,
q031,technical_api,partial,Kanishk,
q032,technical_api,correct,Kanishk,
q033,technical_api,correct,Kanishk,
q034,technical_api,correct,Rahul,
q035,technical_api,correct,Rahul,
q036,policy_edge_case,partial,Rahul,
q037,policy_edge_case,correct,Rahul,
q038,policy_edge_case,correct,Rahul,
q039,policy_edge_case,correct,Rahul,
q040,policy_edge_case,correct,Rahul,
q041,out_of_scope,correct,Rahul,
q042,out_of_scope,correct,Rahul,
q043,out_of_scope,correct,Rahul,
q044,out_of_scope,correct,Rahul,
q045,out_of_scope,correct,Rahul,
q046,out_of_scope,correct,Rahul,
q047,out_of_scope,correct,Rahul,
q048,out_of_scope,correct,Rahul,
q049,out_of_scope,correct,Rahul,
q050,out_of_scope,correct,Rahul,
